firstName,lastName,email,country,gender
Jaimie,MacTerrelly,jmacterrelly0@yellowbook.com,Greece,Bigender
Tanney,Markova,tmarkova1@seesaa.net,Senegal,Non-binary
Frederic,Langeley,flangeley2@army.mil,Philippines,Male
Miof mela,Grigorio,mgrigorio3@newsvine.com,Indonesia,Genderfluid
Mariya,Burtonshaw,mburtonshaw4@hostgator.com,Thailand,Male
Brig,Cavolini,bcavolini5@topsy.com,Indonesia,Non-binary
Henrieta,Goublier,hgoublier6@biglobe.ne.jp,Indonesia,Polygender
Carena,Musprat,cmusprat7@jimdo.com,Morocco,Genderqueer
Brenden,MacMychem,bmacmychem8@slashdot.org,Eritrea,Bigender
Georas,McCullough,gmccullough9@walmart.com,Brazil,Genderfluid
Gisele,Dupey,gdupeya@nih.gov,Poland,Polygender
Karyl,Izakson,kizaksonb@purevolume.com,Paraguay,Polygender
Chelsie,McCann,cmccannc@mysql.com,Indonesia,Polygender
Shanie,Cantle,scantled@census.gov,China,Male
Lura,Firbank,lfirbanke@dmoz.org,Greece,Agender
Damien,Tinn,dtinnf@boston.com,Indonesia,Bigender
Aloin,Gingold,agingoldg@delicious.com,Poland,Bigender
Adrian,Tilberry,atilberryh@ox.ac.uk,Indonesia,Female
Jefferson,Greyes,jgreyesi@tinyurl.com,Dominican Republic,Female
Donny,Billing,dbillingj@google.ca,French Polynesia,Polygender
Rosene,Vasishchev,rvasishchevk@gmpg.org,Indonesia,Non-binary
Abeu,Pollington,apollingtonl@dyndns.org,Sierra Leone,Male
Shell,Croley,scroleym@gnu.org,China,Agender
Allyn,Wagerfield,awagerfieldn@bandcamp.com,Kenya,Agender
Bria,Dowe,bdoweo@google.nl,Indonesia,Bigender
Fransisco,Jeffery,fjefferyp@webeden.co.uk,Russia,Female
Brear,Nortunen,bnortunenq@feedburner.com,Malaysia,Female
Farleigh,Janssen,fjanssenr@zimbio.com,Pakistan,Genderqueer
Lucita,Pawle,lpawles@acquirethisname.com,Morocco,Female
Herta,Toopin,htoopint@addtoany.com,Poland,Genderqueer
Lindy,Gres,lgresu@marketwatch.com,Albania,Agender
Shayla,Yeates,syeatesv@dropbox.com,Russia,Genderfluid
Caro,Tregaskis,ctregaskisw@tinypic.com,Indonesia,Genderqueer
Derrik,Tink,dtinkx@nytimes.com,Philippines,Bigender
Melodie,Howard - Gater,mhowardgatery@flickr.com,China,Agender
Madelena,Nuton,mnutonz@moonfruit.com,China,Genderfluid
Tabbie,McTrustie,tmctrustie10@dot.gov,Colombia,Polygender
Pryce,Willets,pwillets11@umn.edu,Greece,Female
Fransisco,Looby,flooby12@sciencedaily.com,Sweden,Non-binary
Pansy,Austen,pausten13@wordpress.com,France,Bigender
Marilin,Pentony,mpentony14@vkontakte.ru,Serbia,Agender
Max,Lettley,mlettley15@aol.com,French Southern Territories,Male
Giovanni,Menichelli,gmenichelli16@msu.edu,Philippines,Non-binary
Ernestine,Bowater,ebowater17@opensource.org,Indonesia,Polygender
Milo,Tieman,mtieman18@upenn.edu,Russia,Genderqueer
Masha,Waulker,mwaulker19@xing.com,China,Bigender
Frannie,Orts,forts1a@technorati.com,Chile,Male
Cchaddie,Dewicke,cdewicke1b@freewebs.com,Philippines,Non-binary
Jillana,Kirstein,jkirstein1c@umn.edu,Indonesia,Polygender
Elke,McAsgill,emcasgill1d@vistaprint.com,Philippines,Bigender
Bernie,Vaughton,bvaughton1e@ezinearticles.com,Brazil,Non-binary
Benoite,Francecione,bfrancecione1f@sina.com.cn,China,Genderqueer
Sadie,Kilcullen,skilcullen1g@illinois.edu,Norway,Non-binary
Marika,Prinn,mprinn1h@lycos.com,Indonesia,Bigender
Smith,Beddon,sbeddon1i@seattletimes.com,Japan,Genderqueer
Tiertza,Piniur,tpiniur1j@storify.com,Vietnam,Genderqueer
Evangelin,Brantzen,ebrantzen1k@tripadvisor.com,Indonesia,Female
Ardis,McGaraghan,amcgaraghan1l@cam.ac.uk,China,Bigender
Aylmar,Normavell,anormavell1m@t.co,Sweden,Male
Randie,Woollam,rwoollam1n@mashable.com,Thailand,Agender
Lynette,Hritzko,lhritzko1o@hexun.com,Venezuela,Non-binary
Else,Bowers,ebowers1p@goo.gl,Indonesia,Bigender
Norrie,Fagge,nfagge1q@bloglovin.com,Ethiopia,Bigender
Genvieve,Zylberdik,gzylberdik1r@issuu.com,Czech Republic,Agender
Celina,Drew-Clifton,cdrewclifton1s@free.fr,Georgia,Female
Fabiano,McCutcheon,fmccutcheon1t@yolasite.com,Indonesia,Genderqueer
Berkley,Biddle,bbiddle1u@macromedia.com,Indonesia,Agender
Garek,Minogue,gminogue1v@istockphoto.com,Morocco,Female
Eadith,Alison,ealison1w@newyorker.com,Russia,Bigender
Leona,Espley,lespley1x@dyndns.org,Czech Republic,Female
Aaren,McLeod,amcleod1y@netscape.com,United States,Genderqueer
Ole,Gall,ogall1z@jimdo.com,Belarus,Male
Faye,Bryers,fbryers20@purevolume.com,Nicaragua,Agender
Kirstyn,Robet,krobet21@independent.co.uk,Canada,Bigender
Aubine,Rattray,arattray22@ucoz.ru,Russia,Bigender
Bonnibelle,Meriguet,bmeriguet23@sogou.com,China,Genderfluid
Carole,Glaum,cglaum24@lulu.com,China,Non-binary
Von,Lackemann,vlackemann25@mozilla.org,China,Agender
Gabriellia,Riccardo,griccardo26@networksolutions.com,Sweden,Polygender
Anni,MacKall,amackall27@cbc.ca,Morocco,Non-binary
Christoph,Kilgallen,ckilgallen28@instagram.com,Indonesia,Male
Anastasie,Trazzi,atrazzi29@mediafire.com,Indonesia,Non-binary
Jordan,Gronow,jgronow2a@marriott.com,China,Bigender
Melisent,Ratie,mratie2b@whitehouse.gov,China,Non-binary
Jannel,Martinho,jmartinho2c@sbwire.com,Ecuador,Male
Mischa,Tuppeny,mtuppeny2d@people.com.cn,Bulgaria,Genderqueer
Dominique,Guildford,dguildford2e@over-blog.com,Poland,Bigender
Sal,Leynagh,sleynagh2f@jiathis.com,Poland,Non-binary
Glenden,Giannazzi,ggiannazzi2g@163.com,Tokelau,Non-binary
Francine,Rumming,frumming2h@toplist.cz,China,Female
Alfy,Uwins,auwins2i@hostgator.com,Indonesia,Non-binary
Danni,Patience,dpatience2j@nyu.edu,China,Polygender
Selle,Steel,ssteel2k@goo.gl,Indonesia,Non-binary
Aldric,Guilliland,aguilliland2l@bbb.org,United Kingdom,Non-binary
Tremain,Drewett,tdrewett2m@myspace.com,China,Genderqueer
David,Claisse,dclaisse2n@unblog.fr,Russia,Agender
Chrotoem,Howgego,chowgego2o@unc.edu,Sweden,Male
Hillyer,Mardlin,hmardlin2p@is.gd,Finland,Agender
Othella,Hourston,ohourston2q@ehow.com,Indonesia,Female
Leilah,Jahan,ljahan2r@phpbb.com,Indonesia,Non-binary
Othelia,Bown,obown2s@eepurl.com,Syria,Bigender
Garrick,Novacek,gnovacek2t@hp.com,Indonesia,Female
Alfy,Oldroyde,aoldroyde2u@java.com,Ukraine,Male
Lalo,Diprose,ldiprose2v@webnode.com,Indonesia,Genderfluid
Duane,Fairey,dfairey2w@ucoz.ru,Angola,Male
Chen,Prendergrast,cprendergrast2x@lulu.com,Russia,Polygender
Etienne,Carleman,ecarleman2y@ocn.ne.jp,Malaysia,Genderqueer
Whitman,Librey,wlibrey2z@bluehost.com,Indonesia,Female
Luelle,Kitchingman,lkitchingman30@chron.com,China,Male
Kip,Ingyon,kingyon31@bigcartel.com,China,Agender
Symon,Flanne,sflanne32@google.ru,Guam,Agender
Erastus,Fundell,efundell33@smh.com.au,Eritrea,Polygender
Tirrell,Smallbone,tsmallbone34@cafepress.com,Portugal,Bigender
Micki,Boecke,mboecke35@t-online.de,Chad,Non-binary
Edsel,Bottoner,ebottoner36@constantcontact.com,Netherlands,Female
Bendix,Vedishchev,bvedishchev37@delicious.com,China,Genderfluid
Myer,Curling,mcurling38@sbwire.com,Colombia,Genderqueer
Prentiss,Gartrell,pgartrell39@cargocollective.com,Brazil,Agender
Helaine,Iwanicki,hiwanicki3a@google.cn,Philippines,Genderqueer
Elka,Gerasch,egerasch3b@nationalgeographic.com,Portugal,Non-binary
Waverley,Debrick,wdebrick3c@themeforest.net,Nepal,Genderqueer
Hervey,Denniss,hdenniss3d@ca.gov,Bosnia and Herzegovina,Genderqueer
Vivi,Denk,vdenk3e@miibeian.gov.cn,Russia,Agender
Oliy,Duffrie,oduffrie3f@icio.us,Indonesia,Female
Corina,Munnings,cmunnings3g@cnn.com,Philippines,Genderqueer
Gaspar,Allmen,gallmen3h@about.com,Poland,Genderfluid
Pascale,Humble,phumble3i@mozilla.com,United Kingdom,Polygender
Cordelie,Allitt,callitt3j@google.fr,Bulgaria,Non-binary
Gypsy,Gepson,ggepson3k@redcross.org,Germany,Polygender
Alysa,Caulliere,acaulliere3l@i2i.jp,Brazil,Agender
Dulcinea,Kubyszek,dkubyszek3m@rakuten.co.jp,Philippines,Male
Hildy,Triner,htriner3n@xrea.com,United States,Agender
Carlyle,Birtwisle,cbirtwisle3o@nba.com,Morocco,Polygender
Joan,Karchewski,jkarchewski3p@purevolume.com,China,Polygender
Clio,Frick,cfrick3q@loc.gov,Mongolia,Non-binary
Moria,Mangon,mmangon3r@icq.com,China,Genderfluid
Waylin,Fass,wfass3s@weibo.com,Indonesia,Genderfluid
Joelle,Di Lucia,jdilucia3t@yellowpages.com,Latvia,Non-binary
Federico,Ashforth,fashforth3u@ox.ac.uk,Indonesia,Polygender
Anthea,Hallum,ahallum3v@wikispaces.com,Argentina,Genderfluid
Pattie,Mitkin,pmitkin3w@fema.gov,China,Female
Trudy,Vasilyonok,tvasilyonok3x@sbwire.com,China,Male
Roselia,Thompstone,rthompstone3y@behance.net,Indonesia,Bigender
Ilsa,Murrill,imurrill3z@senate.gov,Poland,Genderqueer
Zeke,Lindbergh,zlindbergh40@prweb.com,China,Genderfluid
Frannie,Ianniello,fianniello41@themeforest.net,Russia,Non-binary
Tracie,Sinott,tsinott42@hao123.com,China,Male
Zuzana,Borwick,zborwick43@printfriendly.com,China,Female
Albina,Rosone,arosone44@sogou.com,Brazil,Polygender
Sapphira,Linch,slinch45@sogou.com,Portugal,Female
Barbaraanne,Mickan,bmickan46@nhs.uk,Indonesia,Agender
Putnem,Arcase,parcase47@vistaprint.com,China,Agender
Kelsy,Paprotny,kpaprotny48@cnet.com,Philippines,Polygender
Sean,Kira,skira49@cnn.com,Philippines,Female
Junie,Pauncefort,jpauncefort4a@weebly.com,China,Genderqueer
Edan,Hort,ehort4b@prlog.org,Russia,Agender
Shepard,Aldrick,saldrick4c@princeton.edu,France,Agender
Kalila,McKinn,kmckinn4d@wiley.com,Guatemala,Genderqueer
Nana,Terne,nterne4e@bloomberg.com,Indonesia,Agender
Dixie,Birt,dbirt4f@youtu.be,China,Polygender
Mandy,Pauley,mpauley4g@reverbnation.com,United States,Genderfluid
Odelinda,Hamstead,ohamstead4h@comcast.net,Armenia,Polygender
Isidoro,Lodeke,ilodeke4i@wordpress.com,Ukraine,Genderfluid
Burtie,Sorby,bsorby4j@bloglines.com,Peru,Bigender
Umberto,Gartan,ugartan4k@ifeng.com,Sweden,Non-binary
Hedwiga,Swinburn,hswinburn4l@wisc.edu,Portugal,Female
Gilligan,Descroix,gdescroix4m@nsw.gov.au,United States,Non-binary
Corinne,Pescud,cpescud4n@utexas.edu,Botswana,Genderqueer
Kinnie,Hedges,khedges4o@wufoo.com,Poland,Polygender
Reuben,Ourtic,rourtic4p@youtube.com,Honduras,Agender
Emmott,Primmer,eprimmer4q@uiuc.edu,Indonesia,Bigender
Rock,Downing,rdowning4r@ezinearticles.com,Indonesia,Agender
Benedetta,Yurkiewicz,byurkiewicz4s@hugedomains.com,Poland,Male
Nari,Millberg,nmillberg4t@facebook.com,Poland,Polygender
Elbertina,Tinline,etinline4u@dailymotion.com,France,Agender
Ardra,Broad,abroad4v@1und1.de,Indonesia,Bigender
Lenette,Ralfe,lralfe4w@furl.net,Georgia,Genderqueer
Alex,Folan,afolan4x@nytimes.com,Portugal,Bigender
Alisun,Inder,ainder4y@hao123.com,Kazakhstan,Genderqueer
Wain,Deegin,wdeegin4z@salon.com,China,Genderfluid
Miguel,Paszak,mpaszak50@multiply.com,Chile,Genderqueer
Archibold,Deerness,adeerness51@sohu.com,Tunisia,Agender
Marjy,Loughan,mloughan52@gravatar.com,China,Bigender
Daniela,Burwin,dburwin53@storify.com,Colombia,Bigender
Aldo,Maven,amaven54@opera.com,"Bonaire,Bigender
Wilone,Kirkbright,wkirkbright55@ask.com,China,Bigender
Em,Lowndsborough,elowndsborough56@163.com,Palestinian Territory,Agender
Rosaleen,Taig,rtaig57@un.org,China,Polygender
Brewer,Gillian,bgillian58@meetup.com,Honduras,Bigender
Daren,Raithby,draithby59@comcast.net,Russia,Genderqueer
Cybill,Hamlett,chamlett5a@live.com,Portugal,Agender
Karlotte,Duiged,kduiged5b@hud.gov,Portugal,Genderfluid
Alfons,Lonnon,alonnon5c@google.com,Indonesia,Polygender
Marve,Niesegen,mniesegen5d@blinklist.com,Armenia,Agender
Henrieta,McCarle,hmccarle5e@unblog.fr,China,Genderqueer
Scotti,Siddaley,ssiddaley5f@surveymonkey.com,Indonesia,Polygender
Caroline,Freddi,cfreddi5g@discuz.net,Russia,Non-binary
Malachi,Whitlock,mwhitlock5h@webnode.com,China,Polygender
Brandise,Cottingham,bcottingham5i@gnu.org,Philippines,Agender
Cesya,Canto,ccanto5j@washington.edu,Indonesia,Male
Pavlov,Reinhard,preinhard5k@theguardian.com,Portugal,Polygender
Malvina,Himsworth,mhimsworth5l@uiuc.edu,Philippines,Female
Caritta,Hewes,chewes5m@businesswire.com,China,Polygender
Neila,Crosby,ncrosby5n@miibeian.gov.cn,Nepal,Genderqueer
Emilia,Kift,ekift5o@ucoz.com,Venezuela,Bigender
Boris,Ganforth,bganforth5p@edublogs.org,Indonesia,Non-binary
Marje,Sherrock,msherrock5q@nydailynews.com,China,Polygender
Alain,Euplate,aeuplate5r@163.com,Argentina,Female
Hy,Goodliffe,hgoodliffe5s@imageshack.us,Nigeria,Bigender
Conan,Bohan,cbohan5t@domainmarket.com,Tunisia,Genderqueer
Kaspar,Woodger,kwoodger5u@mozilla.com,Vietnam,Genderfluid
Clemente,Bosworth,cbosworth5v@gov.uk,Kyrgyzstan,Bigender
Otto,Dallewater,odallewater5w@independent.co.uk,Russia,Agender
Celene,Vertigan,cvertigan5x@mlb.com,Indonesia,Agender
Lynnet,Gartrell,lgartrell5y@ted.com,Indonesia,Bigender
Nobie,Berzen,nberzen5z@globo.com,Czech Republic,Female
Caressa,Burkin,cburkin60@chron.com,Poland,Genderqueer
Aime,Tomasello,atomasello61@mac.com,Finland,Agender
Merilee,Mathieson,mmathieson62@ameblo.jp,Greece,Genderqueer
Asia,Pearman,apearman63@infoseek.co.jp,China,Genderqueer
Codie,Steggles,csteggles64@indiatimes.com,Sri Lanka,Agender
Westbrook,Darree,wdarree65@geocities.jp,Brazil,Bigender
Bendix,Edwin,bedwin66@wordpress.com,Japan,Genderfluid
Anabel,Shadwick,ashadwick67@latimes.com,Sweden,Bigender
Clair,Filyashin,cfilyashin68@google.de,Canada,Non-binary
Erie,Camois,ecamois69@wikipedia.org,Indonesia,Genderqueer
Murdoch,McIllroy,mmcillroy6a@technorati.com,Philippines,Female
Domenic,Klesse,dklesse6b@fema.gov,Belarus,Genderqueer
Ernesta,Collyear,ecollyear6c@sakura.ne.jp,Morocco,Female
Annora,Tucknott,atucknott6d@reverbnation.com,China,Genderqueer
Lowell,Doret,ldoret6e@hexun.com,Vietnam,Agender
Adelaida,Salery,asalery6f@telegraph.co.uk,Thailand,Non-binary
Othella,Hexham,ohexham6g@npr.org,United States,Polygender
Kayley,Foucard,kfoucard6h@ebay.com,Thailand,Non-binary
Frederique,Penwright,fpenwright6i@newsvine.com,Morocco,Male
Dev,Gidney,dgidney6j@tripadvisor.com,Ukraine,Bigender
Clem,Snedden,csnedden6k@ocn.ne.jp,China,Bigender
Sophronia,Duffit,sduffit6l@ycombinator.com,Czech Republic,Genderfluid
Loria,Cavolini,lcavolini6m@sina.com.cn,Russia,Genderqueer
Clim,Allsobrook,callsobrook6n@digg.com,Russia,Polygender
Bartie,Abrahamovitz,babrahamovitz6o@admin.ch,Nigeria,Male
Noll,Coverlyn,ncoverlyn6p@sun.com,China,Genderfluid
Lorenzo,Letcher,lletcher6q@plala.or.jp,Macedonia,Male
Kelley,Gowdridge,kgowdridge6r@tinyurl.com,China,Male
Jason,Finlason,jfinlason6s@ow.ly,Portugal,Genderfluid
Jolynn,Birtwisle,jbirtwisle6t@marriott.com,Syria,Female
Kassey,Errichelli,kerrichelli6u@ustream.tv,France,Genderfluid
Moe,Eusden,meusden6v@abc.net.au,Armenia,Agender
Shel,Alcorn,salcorn6w@geocities.jp,Czech Republic,Male
Lucian,Milbank,lmilbank6x@uol.com.br,Russia,Agender
Sinclair,Lis,slis6y@arstechnica.com,Saudi Arabia,Bigender
Ilka,Thebeau,ithebeau6z@fastcompany.com,Russia,Female
Kimball,Drynan,kdrynan70@irs.gov,China,Polygender
Waverley,Churchard,wchurchard71@ning.com,Russia,Female
Geralda,Allain,gallain72@yolasite.com,Ireland,Bigender
Brandise,Moulsdale,bmoulsdale73@wp.com,Indonesia,Female
Sullivan,Emnoney,semnoney74@google.fr,France,Genderqueer
Peggi,Ginni,pginni75@gravatar.com,Indonesia,Agender
Verna,Cicerone,vcicerone76@oaic.gov.au,Thailand,Bigender
Devin,Jessup,djessup77@elpais.com,Estonia,Agender
Priscella,Evangelinos,pevangelinos78@usatoday.com,Malaysia,Female
Anthe,Budcock,abudcock79@cam.ac.uk,Malaysia,Polygender
Jobie,Hammerberg,jhammerberg7a@youtu.be,Poland,Genderqueer
Clayson,Labrone,clabrone7b@sun.com,China,Polygender
Blair,Sellwood,bsellwood7c@eventbrite.com,Canada,Bigender
Kriste,Georgievski,kgeorgievski7d@tripadvisor.com,Ukraine,Bigender
Claudelle,Drover,cdrover7e@thetimes.co.uk,Cuba,Genderqueer
Bald,Baynham,bbaynham7f@networksolutions.com,Philippines,Female
Kirbee,Jull,kjull7g@i2i.jp,Poland,Agender
Mella,Bettis,mbettis7h@examiner.com,Croatia,Male
Deane,Barbour,dbarbour7i@ning.com,Portugal,Non-binary
Monte,Branca,mbranca7j@squarespace.com,China,Bigender
Rayner,Pischof,rpischof7k@plala.or.jp,Portugal,Female
Rudy,Ebbrell,rebbrell7l@flavors.me,China,Female
Britt,Castagneto,bcastagneto7m@vkontakte.ru,Brazil,Genderfluid
Baxie,Measham,bmeasham7n@nhs.uk,Indonesia,Polygender
Pincus,Cadigan,pcadigan7o@hugedomains.com,Argentina,Genderfluid
Ives,Joriot,ijoriot7p@aol.com,Moldova,Agender
Almeda,Pietri,apietri7q@ehow.com,Palestinian Territory,Genderqueer
Othello,Mooring,omooring7r@toplist.cz,China,Female
Sheelah,Blunsum,sblunsum7s@ucoz.com,New Zealand,Polygender
Gregoor,Flintoff,gflintoff7t@artisteer.com,Malaysia,Genderqueer
Andeee,Skeats,askeats7u@youtu.be,United States,Non-binary
Doralyn,Kobpal,dkobpal7v@phoca.cz,China,Agender
Ollie,Eliet,oeliet7w@vimeo.com,Czech Republic,Male
Marcel,Ferreira,mferreira7x@timesonline.co.uk,Argentina,Male
Jocko,Mieville,jmieville7y@amazonaws.com,Netherlands,Genderqueer
Catrina,Rutherford,crutherford7z@trellian.com,Poland,Polygender
Fons,Farrah,ffarrah80@gnu.org,Sierra Leone,Genderqueer
Georgianna,Langstrath,glangstrath81@1und1.de,Indonesia,Genderqueer
Carlota,Monard,cmonard82@accuweather.com,Philippines,Male
Egor,Groven,egroven83@arizona.edu,Indonesia,Male
Nara,Warfield,nwarfield84@pen.io,France,Polygender
Courtnay,Manlow,cmanlow85@webeden.co.uk,Ukraine,Agender
Cthrine,Stitcher,cstitcher86@woothemes.com,Nigeria,Non-binary
Fidelity,Gally,fgally87@privacy.gov.au,France,Genderfluid
Joleen,Greenin,jgreenin88@sun.com,Denmark,Agender
Cherilynn,MacGruer,cmacgruer89@scribd.com,China,Male
Waring,Smith,wsmith8a@prlog.org,China,Polygender
Sioux,Keefe,skeefe8b@narod.ru,France,Bigender
Adey,Ladds,aladds8c@samsung.com,China,Non-binary
Bendix,Kilkenny,bkilkenny8d@indiatimes.com,China,Male
Coral,Burles,cburles8e@flickr.com,Indonesia,Agender
Lemuel,Dilleston,ldilleston8f@netscape.com,China,Female
Ivor,Robet,irobet8g@chicagotribune.com,Russia,Genderfluid
Myrilla,Arnet,marnet8h@seesaa.net,Argentina,Polygender
Gael,Moyle,gmoyle8i@pen.io,Philippines,Female
Salomi,Devanny,sdevanny8j@oakley.com,China,Male
Berenice,Dakhno,bdakhno8k@arstechnica.com,China,Female
Smitty,Le Franc,slefranc8l@freewebs.com,China,Female
Myrwyn,Mazzeo,mmazzeo8m@bandcamp.com,China,Agender
Brigham,Jaskowicz,bjaskowicz8n@kickstarter.com,Canada,Bigender
Clarey,Bansal,cbansal8o@jalbum.net,Russia,Non-binary
Stanfield,Emblin,semblin8p@umn.edu,Argentina,Male
Piper,Dumphries,pdumphries8q@sfgate.com,Moldova,Female
Ardys,Bainbridge,abainbridge8r@china.com.cn,Indonesia,Female
Baird,Duhig,bduhig8s@telegraph.co.uk,China,Genderfluid
Harlen,Karlowicz,hkarlowicz8t@privacy.gov.au,China,Non-binary
Jeff,Benion,jbenion8u@barnesandnoble.com,Indonesia,Bigender
Marsh,Longina,mlongina8v@techcrunch.com,Vietnam,Bigender
Torey,Manoelli,tmanoelli8w@google.de,France,Non-binary
Sherlock,Tudball,studball8x@imdb.com,Canada,Non-binary
Annabel,Roseman,aroseman8y@nbcnews.com,Portugal,Female
Evonne,Slowgrove,eslowgrove8z@hp.com,Poland,Bigender
Emmie,Rodenburgh,erodenburgh90@cafepress.com,Azerbaijan,Genderfluid
Nance,Coye,ncoye91@fotki.com,China,Non-binary
Darrick,Winscom,dwinscom92@hhs.gov,Russia,Bigender
Wren,Silbermann,wsilbermann93@bizjournals.com,Indonesia,Non-binary
Wendye,Leehane,wleehane94@topsy.com,Mauritius,Bigender
Malchy,Carnihan,mcarnihan95@google.com,China,Agender
Bell,Hedge,bhedge96@hubpages.com,China,Bigender
Skipper,Brafferton,sbrafferton97@so-net.ne.jp,China,Agender
Angelica,Garrick,agarrick98@xing.com,Greece,Agender
Katinka,Woolham,kwoolham99@java.com,Finland,Genderfluid
Wolfy,Mallinar,wmallinar9a@hao123.com,Honduras,Male
Carol-jean,Pagelsen,cpagelsen9b@foxnews.com,Indonesia,Polygender
Evelin,Persich,epersich9c@weibo.com,Guatemala,Bigender
Carita,Bakeup,cbakeup9d@ucoz.com,Czech Republic,Genderfluid
Ardyce,Downgate,adowngate9e@cbc.ca,China,Female
Lorna,Arias,larias9f@yale.edu,China,Bigender
Hobard,Kaaskooper,hkaaskooper9g@cbsnews.com,Ukraine,Male
Robinia,Aish,raish9h@nifty.com,Zimbabwe,Genderqueer
Vivianna,Croal,vcroal9i@salon.com,Poland,Female
Frank,Gumbrell,fgumbrell9j@patch.com,China,Bigender
Isaak,Zettler,izettler9k@army.mil,Philippines,Bigender
Sibyl,Keyho,skeyho9l@constantcontact.com,Ukraine,Bigender
Chance,Slowley,cslowley9m@nydailynews.com,China,Bigender
Henrik,Summerhayes,hsummerhayes9n@independent.co.uk,Portugal,Polygender
Matteo,Wauchope,mwauchope9o@odnoklassniki.ru,Malaysia,Genderfluid
Yankee,Coldrick,ycoldrick9p@zimbio.com,Colombia,Genderqueer
Oswell,Dossetter,odossetter9q@loc.gov,China,Bigender
Broddy,Kaes,bkaes9r@meetup.com,China,Polygender
Loreen,Kramer,lkramer9s@amazon.com,Peru,Agender
Davina,Pinnington,dpinnington9t@jimdo.com,Indonesia,Polygender
Aurlie,Digger,adigger9u@csmonitor.com,Afghanistan,Bigender
Curtis,Yesichev,cyesichev9v@ca.gov,France,Male
Lefty,Boate,lboate9w@google.co.uk,Poland,Female
Harriett,Trubshawe,htrubshawe9x@epa.gov,Colombia,Non-binary
Melissa,Canet,mcanet9y@meetup.com,Indonesia,Genderqueer
Kelvin,Flohard,kflohard9z@geocities.com,Cuba,Female
Zackariah,Hearnaman,zhearnamana0@behance.net,Georgia,Genderfluid
Lammond,McEvilly,lmcevillya1@answers.com,France,Agender
Artemis,Moncey,amonceya2@people.com.cn,Japan,Female
Lilith,Mackney,lmackneya3@fc2.com,Brazil,Non-binary
Pace,Pamplin,ppamplina4@jimdo.com,Indonesia,Polygender
Odille,McQuaid,omcquaida5@house.gov,Philippines,Non-binary
Winne,Lent,wlenta6@e-recht24.de,Paraguay,Male
Barnaby,Eldridge,beldridgea7@wordpress.com,China,Non-binary
Joli,Proudley,jproudleya8@ocn.ne.jp,China,Bigender
Lenci,Such,lsucha9@jimdo.com,Mongolia,Agender
Carena,Tuvey,ctuveyaa@businesswire.com,Jamaica,Male
Nixie,Braunfeld,nbraunfeldab@ebay.com,South Korea,Non-binary
Nolana,Berkley,nberkleyac@pbs.org,Kazakhstan,Genderqueer
Neel,Van Merwe,nvanmerwead@geocities.com,Democratic Republic of the Congo,Genderqueer
Ethelda,Schwaiger,eschwaigerae@tmall.com,South Korea,Agender
Alvin,Falks,afalksaf@mysql.com,Yemen,Agender
Darcy,Demchen,ddemchenag@unc.edu,Indonesia,Bigender
Nelie,Furney,nfurneyah@goo.gl,Pakistan,Genderqueer
Gabi,Blaxall,gblaxallai@cbc.ca,Indonesia,Non-binary
Fleur,Gulliver,fgulliveraj@51.la,Indonesia,Genderqueer
Bellina,Booeln,bbooelnak@cornell.edu,French Guiana,Polygender
Milli,Devons,mdevonsal@spiegel.de,Ukraine,Non-binary
Kerrie,Vasishchev,kvasishchevam@nydailynews.com,China,Female
Janette,Marchi,jmarchian@google.it,Canada,Male
Klaus,Biasini,kbiasiniao@netlog.com,Peru,Agender
Arty,Fullom,afullomap@yale.edu,China,Female
Mariellen,Philot,mphilotaq@wufoo.com,China,Genderqueer
Rodi,Grob,rgrobar@sciencedirect.com,Poland,Genderfluid
Constance,Keane,ckeaneas@chicagotribune.com,Russia,Genderqueer
Frannie,Eddowes,feddowesat@sogou.com,China,Non-binary
Cristabel,Giaomozzo,cgiaomozzoau@addtoany.com,Norway,Bigender
Maribelle,Castanyer,mcastanyerav@google.ru,China,Genderfluid
Alix,Laxon,alaxonaw@columbia.edu,Russia,Non-binary
Burnaby,Leeke,bleekeax@ehow.com,Cuba,Polygender
Ryley,Ternouth,rternouthay@shutterfly.com,Ireland,Female
Cherish,Ayton,caytonaz@nydailynews.com,Iran,Male
Maura,Giannini,mgianninib0@whitehouse.gov,Russia,Male
Shellysheldon,Bellwood,sbellwoodb1@marketwatch.com,China,Agender
Daryn,Haddow,dhaddowb2@wunderground.com,Indonesia,Male
Mina,Varndall,mvarndallb3@privacy.gov.au,China,Polygender
Wandie,Seyfart,wseyfartb4@wisc.edu,Burkina Faso,Genderfluid
Joanna,Shirt,jshirtb5@surveymonkey.com,Poland,Non-binary
Forbes,Whyman,fwhymanb6@1688.com,Indonesia,Polygender
Ronda,Castanone,rcastanoneb7@ox.ac.uk,China,Non-binary
Starr,Duker,sdukerb8@oakley.com,China,Male
Whittaker,Parnaby,wparnabyb9@guardian.co.uk,Libya,Agender
Sloan,Shilliday,sshillidayba@hubpages.com,China,Non-binary
Mel,Hulke,mhulkebb@timesonline.co.uk,Maldives,Genderqueer
Whittaker,Hartfleet,whartfleetbc@nydailynews.com,Indonesia,Non-binary
Giselle,Paffett,gpaffettbd@biblegateway.com,Philippines,Male
Addia,Spieck,aspieckbe@thetimes.co.uk,Philippines,Non-binary
Linet,Hughes,lhughesbf@wikia.com,Indonesia,Male
Janela,Hatwells,jhatwellsbg@hao123.com,Poland,Male
Coletta,Hryskiewicz,chryskiewiczbh@redcross.org,China,Male
Jemimah,De Brett,jdebrettbi@skyrock.com,Bolivia,Non-binary
Maynard,Blenkinship,mblenkinshipbj@geocities.jp,Portugal,Non-binary
Francesca,Stolle,fstollebk@census.gov,Indonesia,Non-binary
Nance,Filpi,nfilpibl@engadget.com,Portugal,Agender
Sheppard,Marty,smartybm@abc.net.au,China,Genderqueer
Gwenora,Featherby,gfeatherbybn@msu.edu,France,Non-binary
Kiah,Stopher,kstopherbo@behance.net,Slovenia,Genderfluid
Mack,Enright,menrightbp@marriott.com,Portugal,Polygender
Matthew,Hulett,mhulettbq@wordpress.com,Indonesia,Non-binary
Arron,Humber,ahumberbr@twitpic.com,China,Non-binary
Jerry,Jesse,jjessebs@opensource.org,Ukraine,Bigender
Gaile,Spickett,gspickettbt@taobao.com,Pakistan,Female
Dalton,Mompesson,dmompessonbu@discovery.com,Russia,Bigender
Alf,Gotcher,agotcherbv@t-online.de,France,Male
Stacie,Jenken,sjenkenbw@delicious.com,Russia,Genderqueer
Maurita,Dorbon,mdorbonbx@webmd.com,Ethiopia,Agender
Dave,Geistmann,dgeistmannby@dmoz.org,Ukraine,Non-binary
Onfre,Dowson,odowsonbz@macromedia.com,Germany,Bigender
Maddalena,Bello,mbelloc0@webeden.co.uk,Indonesia,Male
Nancee,Millyard,nmillyardc1@washington.edu,China,Male
Annadiana,Darrell,adarrellc2@slate.com,Thailand,Polygender
Fredi,Houlworth,fhoulworthc3@ft.com,Peru,Genderfluid
Jesse,Lowmass,jlowmassc4@paginegialle.it,Russia,Agender
Rickard,Scalia,rscaliac5@sciencedaily.com,Canada,Polygender
Haleigh,Ludlow,hludlowc6@eventbrite.com,Indonesia,Female
Massimo,Soro,msoroc7@cornell.edu,Poland,Female
Agata,Wiggall,awiggallc8@ca.gov,China,Agender
Freemon,Glanester,fglanesterc9@weibo.com,Canada,Male
Maiga,Stidever,mstideverca@facebook.com,Palestinian Territory,Male
Ashlee,Latimer,alatimercb@comsenz.com,Greece,Bigender
Emlyn,Smurthwaite,esmurthwaitecc@feedburner.com,Philippines,Polygender
Ozzy,De Courtney,odecourtneycd@studiopress.com,Peru,Non-binary
Peyter,Austen,paustence@toplist.cz,Poland,Polygender
Hildegaard,Nisuis,hnisuiscf@delicious.com,Afghanistan,Genderqueer
Berne,Kingzet,bkingzetcg@webeden.co.uk,Portugal,Genderqueer
Renard,Silbert,rsilbertch@creativecommons.org,Czech Republic,Polygender
Dud,Redsell,dredsellci@apache.org,Russia,Genderfluid
Marge,Thunders,mthunderscj@xrea.com,Ivory Coast,Female
Cosme,McCrohon,cmccrohonck@nature.com,Colombia,Agender
Arvie,Jessen,ajessencl@ox.ac.uk,Gambia,Male
Lodovico,Fazakerley,lfazakerleycm@godaddy.com,Japan,Male
Garwin,Jemmett,gjemmettcn@php.net,China,Genderfluid
Chas,Aldwinckle,caldwinckleco@spiegel.de,Dominican Republic,Agender
Carlina,Caplin,ccaplincp@berkeley.edu,China,Female
Arley,Castanares,acastanarescq@i2i.jp,China,Non-binary
Corliss,Cristofari,ccristofaricr@sourceforge.net,Japan,Bigender
Even,Waszkiewicz,ewaszkiewiczcs@mozilla.com,Russia,Agender
Tish,Kyberd,tkyberdct@photobucket.com,Philippines,Polygender
Pebrook,McGuggy,pmcguggycu@clickbank.net,Portugal,Bigender
Debora,Mendoza,dmendozacv@domainmarket.com,Lithuania,Polygender
Gray,Bury,gburycw@google.com.hk,Afghanistan,Bigender
Dasha,Jozaitis,djozaitiscx@wired.com,Thailand,Bigender
Ramsey,McNalley,rmcnalleycy@acquirethisname.com,New Zealand,Non-binary
Ira,Kobke,ikobkecz@g.co,Zimbabwe,Genderfluid
Court,Giacovelli,cgiacovellid0@google.com.au,Poland,Genderfluid
Karee,Bosworth,kbosworthd1@jiathis.com,Portugal,Genderqueer
Kane,Lawlings,klawlingsd2@weibo.com,Russia,Male
Gratiana,Forbes,gforbesd3@odnoklassniki.ru,China,Male
Hastings,Prattington,hprattingtond4@amazon.co.jp,United States,Bigender
Aeriela,Ertelt,aerteltd5@timesonline.co.uk,Mexico,Agender
Helsa,Oakey,hoakeyd6@umich.edu,China,Non-binary
Sayres,Westbury,swestburyd7@a8.net,China,Genderfluid
Bryn,Snellman,bsnellmand8@un.org,Peru,Genderfluid
Haze,Small,hsmalld9@mlb.com,Sweden,Genderqueer
Anjela,Stelljes,astelljesda@nydailynews.com,Barbados,Female
Yvon,Pachta,ypachtadb@house.gov,Jordan,Genderfluid
Sissie,Philps,sphilpsdc@cam.ac.uk,Japan,Polygender
Alvis,Rangle,arangledd@kickstarter.com,Russia,Male
Ivory,Scane,iscanede@newyorker.com,Kenya,Male
Aylmar,Whatham,awhathamdf@omniture.com,China,Bigender
Paddy,Whyffen,pwhyffendg@hc360.com,Palestinian Territory,Polygender
Mimi,Orto,mortodh@shop-pro.jp,Botswana,Male
Alina,Heyball,aheyballdi@telegraph.co.uk,Sweden,Genderfluid
Lonee,Kitchenham,lkitchenhamdj@yale.edu,Philippines,Genderfluid
Luelle,Cantua,lcantuadk@chron.com,Indonesia,Male
Bernadene,Kleiner,bkleinerdl@who.int,Cuba,Male
Malory,Keilloh,mkeillohdm@prlog.org,Mexico,Genderfluid
Bondy,Ericsson,bericssondn@lycos.com,Yemen,Agender
Carissa,Blurton,cblurtondo@nature.com,Uzbekistan,Genderqueer
Shepherd,Stainland,sstainlanddp@themeforest.net,Indonesia,Polygender
Orville,Sellors,osellorsdq@cisco.com,Croatia,Non-binary
Sebastien,Jeacock,sjeacockdr@abc.net.au,Canada,Male
Adlai,Borsi,aborsids@reference.com,Ukraine,Male
Kerry,Exelby,kexelbydt@nationalgeographic.com,Philippines,Genderfluid
Stacy,Walthall,swalthalldu@creativecommons.org,Russia,Genderfluid
Maryanne,Bayston,mbaystondv@npr.org,Comoros,Male
Flossy,MacVicar,fmacvicardw@boston.com,Vietnam,Polygender
Elli,MacRonald,emacronalddx@jiathis.com,Brazil,Polygender
Susi,Ellison,sellisondy@netlog.com,China,Genderqueer
Mallory,Collinwood,mcollinwooddz@geocities.com,Indonesia,Male
Gretta,Hallatt,ghallatte0@samsung.com,Canada,Genderfluid
Brady,Blackall,bblackalle1@creativecommons.org,Poland,Male
Winnie,Clausewitz,wclausewitze2@histats.com,Germany,Non-binary
Bridgette,O'Dyvoie,bodyvoiee3@tuttocitta.it,Greece,Genderqueer
Robbie,Chalkly,rchalklye4@census.gov,Peru,Non-binary
Henderson,Scandwright,hscandwrighte5@tumblr.com,Bosnia and Herzegovina,Genderfluid
Jerrome,Carthew,jcarthewe6@so-net.ne.jp,Philippines,Bigender
Sandi,Lickorish,slickorishe7@yellowbook.com,Russia,Non-binary
Ellary,Lusher,elushere8@e-recht24.de,China,Polygender
Lucille,Schoolfield,lschoolfielde9@hostgator.com,China,Genderqueer
Rafi,Pablos,rpablosea@hao123.com,China,Bigender
Bowie,Stammers,bstammerseb@google.co.uk,China,Non-binary
Amii,Searight,asearightec@illinois.edu,Russia,Polygender
Neysa,Deinhard,ndeinharded@jalbum.net,Monaco,Genderfluid
Hollyanne,Simanenko,hsimanenkoee@exblog.jp,Philippines,Male
Lorene,Osbourn,losbournef@twitter.com,Indonesia,Genderfluid
Marleen,McDermott,mmcdermotteg@cisco.com,Greece,Female
Bertie,Nuccitelli,bnuccitellieh@cbsnews.com,Ukraine,Male
Selia,Pee,speeei@apple.com,South Korea,Genderfluid
Julietta,McCheyne,jmccheyneej@a8.net,Macedonia,Bigender
Drucill,Pain,dpainek@tripadvisor.com,Iran,Polygender
Corrina,Hughill,chughillel@friendfeed.com,Portugal,Genderqueer
Tish,Stone,tstoneem@marketwatch.com,Poland,Non-binary
Rania,Craiker,rcraikeren@yahoo.com,Philippines,Non-binary
Nana,Houlden,nhouldeneo@smh.com.au,Philippines,Polygender
Reinold,Emms,remmsep@chron.com,Canada,Male
Elinore,Popplestone,epopplestoneeq@imdb.com,Afghanistan,Male
Pedro,Greenside,pgreensideer@fema.gov,Indonesia,Bigender
Iolanthe,Beefon,ibeefones@hugedomains.com,United States,Non-binary
Blair,Rawsthorne,brawsthorneet@washingtonpost.com,China,Male
Tommie,Shower,tshowereu@blinklist.com,Chile,Bigender
Jemmie,Shakeshaft,jshakeshaftev@google.ca,China,Non-binary
Case,Kumar,ckumarew@amazon.com,China,Non-binary
Honor,Seawell,hseawellex@time.com,Panama,Male
Glenn,Ablett,gablettey@utexas.edu,Ukraine,Genderqueer
Teodora,Peile,tpeileez@ucla.edu,Indonesia,Genderfluid
Fernando,Jardin,fjardinf0@altervista.org,Lithuania,Agender
Freedman,Wilsey,fwilseyf1@altervista.org,China,Male
Shaun,Dewdeny,sdewdenyf2@reference.com,China,Bigender
Judd,Hillum,jhillumf3@prlog.org,Poland,Non-binary
Gorden,Fittall,gfittallf4@simplemachines.org,South Africa,Non-binary
Jorgan,Sprade,jspradef5@marriott.com,Myanmar,Female
Tulley,Gorse,tgorsef6@deliciousdays.com,China,Polygender
Beryl,Kinastan,bkinastanf7@cyberchimps.com,Poland,Bigender
Thalia,Sizzey,tsizzeyf8@123-reg.co.uk,Peru,Bigender
Dacey,Evreux,devreuxf9@oaic.gov.au,Poland,Polygender
Elliott,Cuttelar,ecuttelarfa@weebly.com,Brazil,Female
Danita,Grebert,dgrebertfb@biblegateway.com,Cambodia,Female
Jerrine,Darlaston,jdarlastonfc@csmonitor.com,Brazil,Agender
Rhea,Seilmann,rseilmannfd@dell.com,Sudan,Agender
Hilde,De Malchar,hdemalcharfe@columbia.edu,Indonesia,Genderfluid
Val,Paulo,vpauloff@merriam-webster.com,China,Bigender
Magdalene,Donne,mdonnefg@intel.com,Philippines,Bigender
Liane,Trazzi,ltrazzifh@wikimedia.org,Afghanistan,Polygender
Malissa,Meiningen,mmeiningenfi@businesswire.com,China,Non-binary
Ardisj,Olivello,aolivellofj@indiegogo.com,China,Genderfluid
Adolf,Novacek,anovacekfk@mit.edu,Czech Republic,Agender
Merill,Riddock,mriddockfl@mtv.com,Peru,Genderfluid
Osborne,Welford,owelfordfm@fotki.com,Philippines,Genderqueer
Carny,Warlawe,cwarlawefn@deliciousdays.com,China,Male
Bunnie,Millions,bmillionsfo@guardian.co.uk,Ukraine,Agender
Maximilien,Cundict,mcundictfp@cnn.com,Sweden,Female
Paxton,Saul,psaulfq@engadget.com,China,Genderqueer
Delmor,Pittendreigh,dpittendreighfr@parallels.com,Netherlands,Agender
Jodie,Calkin,jcalkinfs@oracle.com,Togo,Agender
Nadia,Hearst,nhearstft@washingtonpost.com,China,Bigender
L;urette,Ivison,livisonfu@va.gov,Philippines,Genderqueer
Lissie,Mardy,lmardyfv@usda.gov,China,Male
Nonna,Brockest,nbrockestfw@discovery.com,Russia,Genderqueer
Gerry,Caisley,gcaisleyfx@ebay.co.uk,Costa Rica,Polygender
Derrek,Camellini,dcamellinify@bravesites.com,Indonesia,Genderfluid
Elise,O'Glessane,eoglessanefz@oakley.com,Poland,Male
Daron,Dubock,ddubockg0@blogtalkradio.com,United States,Genderfluid
Abbe,Gomer,agomerg1@adobe.com,Thailand,Non-binary
Kathleen,Hulls,khullsg2@archive.org,Colombia,Genderfluid
Alene,Prendergrast,aprendergrastg3@engadget.com,China,Polygender
Katrinka,Baddam,kbaddamg4@theguardian.com,Tanzania,Polygender
Shaine,Erasmus,serasmusg5@google.com.au,Thailand,Polygender
Preston,Stratton,pstrattong6@icq.com,China,Genderqueer
Rawley,Rizzelli,rrizzellig7@craigslist.org,China,Male
Dalli,Boichat,dboichatg8@scientificamerican.com,Sweden,Polygender
Orazio,Lambole,olamboleg9@blogger.com,Slovenia,Female
Dan,Lutsch,dlutschga@phpbb.com,Russia,Non-binary
Carr,Bartaloni,cbartalonigb@nba.com,Greece,Agender
Brandice,Farloe,bfarloegc@is.gd,China,Agender
Dulci,Cruwys,dcruwysgd@edublogs.org,Malaysia,Female
Vail,Kitchinham,vkitchinhamge@google.com.br,Indonesia,Non-binary
Cyndy,Bedrosian,cbedrosiangf@ifeng.com,Brazil,Agender
Den,Vela,dvelagg@wikipedia.org,Mexico,Genderqueer
Jacynth,Fiddymont,jfiddymontgh@etsy.com,China,Female
Gerrie,Duthie,gduthiegi@yolasite.com,Honduras,Bigender
Joelly,Verissimo,jverissimogj@pinterest.com,Philippines,Genderqueer
Opalina,Coggins,ocogginsgk@bluehost.com,Japan,Non-binary
Gerek,Wombwell,gwombwellgl@gov.uk,Greece,Bigender
Mitch,Godbold,mgodboldgm@cmu.edu,China,Agender
Goober,Maly,gmalygn@friendfeed.com,Indonesia,Agender
Granthem,Oki,gokigo@list-manage.com,Brazil,Bigender
Adriane,Domenichelli,adomenichelligp@storify.com,Sweden,Genderfluid
Wang,Rossbrooke,wrossbrookegq@tamu.edu,Brazil,Agender
Cullin,Hartzog,chartzoggr@sfgate.com,China,Bigender
Alessandra,Macer,amacergs@blogtalkradio.com,Indonesia,Bigender
Modestine,Leyes,mleyesgt@tuttocitta.it,El Salvador,Female
Forster,Dudliston,fdudlistongu@bloglovin.com,China,Agender
Sophronia,Fereday,sferedaygv@yellowpages.com,Sweden,Female
Aloysia,Kinforth,akinforthgw@sogou.com,Mexico,Female
Lotty,Paule,lpaulegx@elpais.com,Russia,Polygender
Olly,Dowse,odowsegy@narod.ru,Indonesia,Bigender
Shay,Curry,scurrygz@prnewswire.com,Venezuela,Genderqueer
Therese,Pipping,tpippingh0@issuu.com,Indonesia,Genderfluid
Christina,Pulster,cpulsterh1@eepurl.com,Iran,Genderqueer
Micah,Osgood,mosgoodh2@hc360.com,Philippines,Bigender
Dareen,Drakeford,ddrakefordh3@prweb.com,Albania,Genderfluid
Norean,Atty,nattyh4@unblog.fr,Japan,Polygender
Dacey,Kennelly,dkennellyh5@psu.edu,China,Male
Eulalie,Klewi,eklewih6@loc.gov,Guatemala,Non-binary
Conchita,Gobel,cgobelh7@narod.ru,Poland,Agender
Kerwinn,Axon,kaxonh8@mediafire.com,Russia,Agender
Jenn,Knappett,jknappetth9@quantcast.com,Sweden,Female
Milena,Baulcombe,mbaulcombeha@census.gov,Czech Republic,Agender
Thorny,Seabourne,tseabournehb@merriam-webster.com,Argentina,Bigender
Gonzalo,Houlison,ghoulisonhc@booking.com,Portugal,Agender
Laurena,Hymor,lhymorhd@rediff.com,Brazil,Genderfluid
Rutger,Lapham,rlaphamhe@constantcontact.com,Philippines,Genderqueer
Tresa,Allebone,tallebonehf@dedecms.com,Ethiopia,Male
Garwin,Coils,gcoilshg@godaddy.com,Croatia,Polygender
Sutherlan,Strutt,sstrutthh@ustream.tv,China,Female
Niki,Chastand,nchastandhi@cafepress.com,China,Male
Darill,Uridge,duridgehj@a8.net,Sweden,Genderfluid
Chauncey,Benedict,cbenedicthk@webnode.com,Hong Kong,Male
Bud,Eisak,beisakhl@studiopress.com,China,Male
Ario,Wynrahame,awynrahamehm@reuters.com,Ukraine,Male
Jodie,Sangster,jsangsterhn@ft.com,France,Genderfluid
Eada,Zuanazzi,ezuanazziho@lycos.com,Sweden,Non-binary
Ignacius,Sleney,isleneyhp@house.gov,Sri Lanka,Non-binary
Rayna,Thominga,rthomingahq@soundcloud.com,China,Genderfluid
Fulvia,Filimore,ffilimorehr@sohu.com,Indonesia,Non-binary
Zachery,Ambroz,zambrozhs@tiny.cc,Japan,Male
Viole,Fulton,vfultonht@berkeley.edu,United States,Genderfluid
Forbes,Wetherald,fwetheraldhu@youtu.be,China,Genderqueer
Lorenzo,Freeth,lfreethhv@qq.com,Peru,Polygender
Nesta,Durtnall,ndurtnallhw@e-recht24.de,Russia,Female
Thorstein,Coale,tcoalehx@biblegateway.com,Bangladesh,Polygender
Giselbert,Rohmer,grohmerhy@bloomberg.com,Czech Republic,Genderfluid
Regen,McLellan,rmclellanhz@dell.com,Philippines,Genderqueer
Kennie,Kings,kkingsi0@hugedomains.com,China,Bigender
Viole,Kenningham,vkenninghami1@java.com,South Korea,Polygender
Karena,Fears,kfearsi2@geocities.jp,Sweden,Agender
Merle,Hardman,mhardmani3@list-manage.com,Vietnam,Non-binary
Emlyn,Gaudin,egaudini4@arstechnica.com,China,Non-binary
Althea,Sher,asheri5@forbes.com,China,Bigender
Sansone,Thying,sthyingi6@miitbeian.gov.cn,Germany,Polygender
Dorie,Chiddy,dchiddyi7@cyberchimps.com,China,Male
Jordan,Gaskamp,jgaskampi8@wired.com,Bangladesh,Bigender
Micaela,Pleavin,mpleavini9@google.co.uk,Malaysia,Genderqueer
Abba,Haysom,ahaysomia@phoca.cz,Indonesia,Agender
Park,Livens,plivensib@bigcartel.com,Burundi,Genderfluid
Seka,Brisard,sbrisardic@hugedomains.com,Argentina,Agender
Albina,Dreng,adrengid@time.com,Colombia,Genderfluid
Mamie,McGrath,mmcgrathie@cdbaby.com,Albania,Female
Nickey,Myhill,nmyhillif@deliciousdays.com,Russia,Genderfluid
Florette,Doers,fdoersig@upenn.edu,Argentina,Non-binary
Ernesta,Livsey,elivseyih@businessweek.com,Tanzania,Bigender
Meier,Annandale,mannandaleii@hhs.gov,Portugal,Female
Brooke,Cairns,bcairnsij@accuweather.com,China,Female
Levi,Saggs,lsaggsik@tinyurl.com,Thailand,Genderfluid
Justis,Wildman,jwildmanil@java.com,Indonesia,Female
Delmer,Sattin,dsattinim@homestead.com,United States,Agender
Marguerite,Stuke,mstukein@redcross.org,Philippines,Male
Jacquie,Ray,jrayio@europa.eu,Brazil,Male
Sholom,Aberkirdo,saberkirdoip@webs.com,Argentina,Genderfluid
Anica,Webburn,awebburniq@hhs.gov,Czech Republic,Genderfluid
Juana,Ruller,jrullerir@dion.ne.jp,Philippines,Agender
Viole,Dalrymple,vdalrympleis@google.ca,Macedonia,Non-binary
Stern,Hugonin,shugoninit@stanford.edu,Jamaica,Polygender
Larine,Wybrew,lwybrewiu@wordpress.com,Argentina,Agender
Benedicto,Milnes,bmilnesiv@storify.com,Nigeria,Non-binary
Yoshi,Lapere,ylapereiw@theglobeandmail.com,Ukraine,Bigender
Chelsae,Caghan,ccaghanix@rediff.com,China,Bigender
Ave,White,awhiteiy@weibo.com,Poland,Agender
Maury,Quail,mquailiz@nps.gov,Russia,Genderqueer
Maire,Lamburn,mlamburnj0@marketwatch.com,China,Genderfluid
Garret,Westpfel,gwestpfelj1@dion.ne.jp,Malaysia,Agender
Brooks,Dumper,bdumperj2@ebay.com,China,Female
Eimile,Swales,eswalesj3@mapy.cz,Venezuela,Genderfluid
Ernest,Vallery,evalleryj4@ed.gov,Indonesia,Female
Charmion,Chad,cchadj5@ucoz.ru,Finland,Female
Noemi,Keam,nkeamj6@google.pl,Pakistan,Male
Audrie,Boyat,aboyatj7@nsw.gov.au,Russia,Female
Bendick,Matschuk,bmatschukj8@amazonaws.com,Indonesia,Non-binary
Renelle,Bahde,rbahdej9@foxnews.com,Canada,Genderqueer
Gabe,Annis,gannisja@comcast.net,Sweden,Male
Opalina,Neal,onealjb@lycos.com,China,Polygender
Fidelity,Britcher,fbritcherjc@altervista.org,Brazil,Bigender
Lynnea,Rulten,lrultenjd@census.gov,Poland,Female
Nadeen,Maddern,nmaddernje@nps.gov,Poland,Female
Aloysius,Wickey,awickeyjf@lycos.com,Indonesia,Agender
Michele,Hurdman,mhurdmanjg@symantec.com,Russia,Agender
Gunar,Oki,gokijh@woothemes.com,Philippines,Non-binary
Adrea,Challender,achallenderji@tripadvisor.com,Philippines,Non-binary
Bendicty,Geindre,bgeindrejj@scientificamerican.com,China,Genderqueer
Christoper,Whitecross,cwhitecrossjk@weather.com,Sweden,Genderqueer
Pammy,Duff,pduffjl@mlb.com,Indonesia,Male
Blakelee,Hrinchishin,bhrinchishinjm@de.vu,Indonesia,Agender
Gerta,Lomasny,glomasnyjn@irs.gov,Russia,Male
Leann,Bruin,lbruinjo@businesswire.com,Russia,Female
Beverley,Ginni,bginnijp@jalbum.net,Indonesia,Polygender
Maurizia,Tumayan,mtumayanjq@sohu.com,China,Bigender
Lisetta,Delf,ldelfjr@jiathis.com,Canada,Non-binary
Sammie,Saer,ssaerjs@scribd.com,Indonesia,Female
Jessey,Tellesson,jtellessonjt@census.gov,Namibia,Bigender
Gypsy,Dahlman,gdahlmanju@com.com,Poland,Agender
Tiffany,Meachan,tmeachanjv@tinyurl.com,Brazil,Polygender
Aldo,Appleby,aapplebyjw@japanpost.jp,Russia,Female
Katey,Darrow,kdarrowjx@prweb.com,Ukraine,Female
Celene,Braunstein,cbraunsteinjy@sina.com.cn,China,Genderqueer
Mill,Goldsbrough,mgoldsbroughjz@sohu.com,China,Male
Ham,Pryell,hpryellk0@mit.edu,Russia,Agender
Roz,Gioani,rgioanik1@godaddy.com,Poland,Agender
Bevon,Braidley,bbraidleyk2@ibm.com,China,Non-binary
Joella,Gianullo,jgianullok3@gov.uk,Sweden,Genderqueer
Eugenius,Fronks,efronksk4@cisco.com,Malaysia,Non-binary
Tamra,Bengle,tbenglek5@slideshare.net,Nigeria,Bigender
Mary,Hurford,mhurfordk6@timesonline.co.uk,Indonesia,Genderfluid
Hanan,Swyre,hswyrek7@upenn.edu,China,Male
Sibel,Sprulls,ssprullsk8@nsw.gov.au,Italy,Genderfluid
Malvina,Beslier,mbeslierk9@skype.com,Philippines,Polygender
Alvina,Dilston,adilstonka@macromedia.com,Sweden,Female
Nessi,Barnewelle,nbarnewellekb@accuweather.com,Philippines,Agender
Normand,Vaneev,nvaneevkc@examiner.com,Brazil,Genderqueer
Brena,McLane,bmclanekd@yahoo.co.jp,Brazil,Male
Raine,Napper,rnapperke@cdbaby.com,China,Agender
Gretchen,Thunderchief,gthunderchiefkf@unicef.org,China,Polygender
Hadleigh,Muat,hmuatkg@google.com.br,China,Agender
Lisle,Collier,lcollierkh@biglobe.ne.jp,Indonesia,Genderfluid
Gracia,Abrashkov,gabrashkovki@apple.com,China,Non-binary
Gabriele,Yakob,gyakobkj@stumbleupon.com,United States,Bigender
Gabey,Scholfield,gscholfieldkk@vk.com,Luxembourg,Genderqueer
Gabey,Stegell,gstegellkl@utexas.edu,Brazil,Non-binary
Pascal,Wheildon,pwheildonkm@globo.com,Philippines,Polygender
Vita,Kimmerling,vkimmerlingkn@jimdo.com,Philippines,Polygender
Nicki,Casado,ncasadoko@elegantthemes.com,China,Agender
Adrian,Henzley,ahenzleykp@timesonline.co.uk,Myanmar,Polygender
Vilhelmina,Ceschi,vceschikq@yellowpages.com,Syria,Bigender
Mortie,Davidge,mdavidgekr@hud.gov,Russia,Genderfluid
Brannon,Done,bdoneks@noaa.gov,Iran,Female
Amerigo,Shotbolt,ashotboltkt@google.ca,Lithuania,Non-binary
Tamma,Parfrey,tparfreyku@vkontakte.ru,Russia,Female
Tricia,Cable,tcablekv@newsvine.com,Mexico,Bigender
Verla,Radclyffe,vradclyffekw@oaic.gov.au,France,Agender
Simonette,Dana,sdanakx@businessweek.com,China,Female
Gardiner,Cullimore,gcullimoreky@cbslocal.com,Pakistan,Male
Tammi,Sauven,tsauvenkz@cnbc.com,Canada,Male
Joyann,Haldene,jhaldenel0@biblegateway.com,China,Agender
Lauree,Withrop,lwithropl1@timesonline.co.uk,Brazil,Polygender
Hali,Polglaze,hpolglazel2@amazon.de,Ukraine,Polygender
Ware,Ebdin,webdinl3@ycombinator.com,Indonesia,Male
Chuck,Esselin,cesselinl4@delicious.com,Indonesia,Polygender
Pietra,Dungay,pdungayl5@godaddy.com,France,Polygender
Alisa,Halloway,ahallowayl6@topsy.com,Argentina,Non-binary
Jyoti,Westgarth,jwestgarthl7@dmoz.org,Brazil,Genderfluid
Goldy,Stickford,gstickfordl8@sourceforge.net,Tanzania,Non-binary
Andriette,Jane,ajanel9@icio.us,Philippines,Agender
Tisha,Katz,tkatzla@yellowpages.com,Honduras,Bigender
Ethan,Curzon,ecurzonlb@cnn.com,Greece,Bigender
Harriett,Newiss,hnewisslc@earthlink.net,Thailand,Non-binary
Alfons,Sambrok,asambrokld@chronoengine.com,Tajikistan,Agender
Artair,Liversley,aliversleyle@cbc.ca,Indonesia,Bigender
Wald,Zanitti,wzanittilf@posterous.com,Indonesia,Female
Creighton,Maykin,cmaykinlg@w3.org,Netherlands,Bigender
Jerrylee,Willoughby,jwilloughbylh@sciencedirect.com,China,Polygender
Merline,Hadley,mhadleyli@cnet.com,Portugal,Genderqueer
Christa,Easby,ceasbylj@blogger.com,Brazil,Female
Denis,Braunds,dbraundslk@noaa.gov,Indonesia,Genderqueer
Cecilla,Parkins,cparkinsll@privacy.gov.au,China,Non-binary
Josepha,Mackney,jmackneylm@chicagotribune.com,Russia,Polygender
Dodi,De Normanville,ddenormanvilleln@cbc.ca,Japan,Polygender
Emlynn,Imort,eimortlo@blinklist.com,Kenya,Genderfluid
Lyndell,Nisco,lniscolp@accuweather.com,Cameroon,Female
Langsdon,Sharper,lsharperlq@lycos.com,Japan,Bigender
Ariel,Mayhead,amayheadlr@github.com,Philippines,Male
Roscoe,Romera,rromerals@nsw.gov.au,Canada,Female
Linda,Cicchetto,lcicchettolt@engadget.com,Guinea,Bigender
Kendra,Mayler,kmaylerlu@si.edu,Bulgaria,Bigender
Matti,Siman,msimanlv@ezinearticles.com,China,Genderfluid
Karia,Sharer,ksharerlw@reverbnation.com,France,Genderqueer
Clemmie,Swinfen,cswinfenlx@toplist.cz,Portugal,Male
Artie,Fusedale,afusedalely@guardian.co.uk,Sweden,Bigender
Baron,Dawbery,bdawberylz@over-blog.com,Indonesia,Genderfluid
Norrie,Giamuzzo,ngiamuzzom0@drupal.org,Indonesia,Polygender
Allistir,Lippett,alippettm1@hostgator.com,China,Polygender
Jonie,Pech,jpechm2@smugmug.com,Poland,Non-binary
Emmye,Spedding,espeddingm3@phoca.cz,Argentina,Female
Noam,Fursland,nfurslandm4@buzzfeed.com,Indonesia,Genderfluid
Betsy,Zelner,bzelnerm5@example.com,Kyrgyzstan,Female
Farra,Friar,ffriarm6@ftc.gov,Guatemala,Female
Hobart,Goacher,hgoacherm7@amazon.co.jp,Philippines,Male
Mano,Hartness,mhartnessm8@networkadvertising.org,Philippines,Genderfluid
Jehanna,Warby,jwarbym9@trellian.com,Brazil,Male
Othella,Fudger,ofudgerma@ameblo.jp,Malaysia,Genderfluid
Ellerey,Durdle,edurdlemb@jigsy.com,France,Polygender
Missy,Spinas,mspinasmc@state.gov,Philippines,Non-binary
Rozalin,Shadrach,rshadrachmd@acquirethisname.com,Slovenia,Bigender
Nicole,Ivanisov,nivanisovme@ucoz.ru,Vietnam,Female
Wilma,Serjent,wserjentmf@360.cn,Bahrain,Agender
Lulita,Maleby,lmalebymg@fc2.com,Ukraine,Genderfluid
Charlena,Roaf,croafmh@furl.net,Indonesia,Non-binary
Eugenie,Woodland,ewoodlandmi@sina.com.cn,France,Bigender
Sonny,Blacklidge,sblacklidgemj@trellian.com,Madagascar,Male
Helsa,Eve,hevemk@ca.gov,China,Agender
Kayle,Esp,kespml@odnoklassniki.ru,South Korea,Genderqueer
Read,Melanaphy,rmelanaphymm@naver.com,Japan,Male
Syman,Pollington,spollingtonmn@ca.gov,China,Genderqueer
Margie,Macquire,mmacquiremo@sogou.com,Poland,Bigender
Noellyn,Statefield,nstatefieldmp@cloudflare.com,Argentina,Non-binary
Chan,McSkin,cmcskinmq@twitter.com,Burkina Faso,Female
Letty,Goldman,lgoldmanmr@dot.gov,Denmark,Polygender
Darryl,Douty,ddoutyms@cbslocal.com,Malaysia,Non-binary
Luisa,Hoffner,lhoffnermt@wunderground.com,Serbia,Female
Allister,Burfield,aburfieldmu@nasa.gov,Poland,Male
Noelani,Rosnau,nrosnaumv@ihg.com,Sweden,Genderqueer
Thorn,Menaul,tmenaulmw@google.de,Russia,Female
Filberte,Gristock,fgristockmx@wufoo.com,Poland,Polygender
May,Trudgion,mtrudgionmy@behance.net,Serbia,Genderfluid
Terrence,Hylands,thylandsmz@bigcartel.com,Russia,Male
Nessie,Soars,nsoarsn0@senate.gov,Sweden,Genderfluid
Roxana,Hackinge,rhackingen1@myspace.com,Bosnia and Herzegovina,Agender
Rudolph,Sails,rsailsn2@biglobe.ne.jp,Indonesia,Female
Austine,Malshinger,amalshingern3@posterous.com,Indonesia,Non-binary
Fey,Pethrick,fpethrickn4@scribd.com,China,Polygender
Karol,Fortman,kfortmann5@columbia.edu,China,Female
Lauralee,Pedley,lpedleyn6@europa.eu,China,Female
Eleanor,Cannaway,ecannawayn7@icio.us,China,Non-binary
Esta,Wringe,ewringen8@github.com,Philippines,Male
Bo,Meake,bmeaken9@whitehouse.gov,Brazil,Polygender
Trstram,Rennocks,trennocksna@hexun.com,China,Polygender
Livvyy,Allkins,lallkinsnb@barnesandnoble.com,Mexico,Genderfluid
Albina,Baudouin,abaudouinnc@soundcloud.com,Thailand,Genderqueer
Adham,Plaskett,aplaskettnd@si.edu,United States,Polygender
Dorella,Clive,dclivene@tripadvisor.com,Norway,Non-binary
Jocelin,Denley,jdenleynf@sciencedirect.com,Portugal,Genderfluid
Alf,Saxby,asaxbyng@google.com.hk,China,Genderqueer
Heddie,Iiannone,hiiannonenh@cocolog-nifty.com,Thailand,Polygender
Elbertine,Maciunas,emaciunasni@bbb.org,Namibia,Genderqueer
Ladonna,Oxborrow,loxborrownj@jimdo.com,Cuba,Bigender
Bernard,Edgeson,bedgesonnk@miibeian.gov.cn,Greece,Bigender
Erroll,Larive,elarivenl@ovh.net,Poland,Genderfluid
Melodie,Panyer,mpanyernm@amazon.com,Latvia,Polygender
Rickie,Talloe,rtalloenn@ted.com,Sierra Leone,Genderqueer
Derrik,Marxsen,dmarxsenno@skyrock.com,China,Polygender
Adelice,Chown,achownnp@timesonline.co.uk,Portugal,Male
Kermy,Jerdein,kjerdeinnq@nyu.edu,Guatemala,Polygender
Joy,Coenraets,jcoenraetsnr@princeton.edu,Thailand,Bigender
Kath,Grayley,kgrayleyns@mashable.com,Mexico,Bigender
Seymour,Vannikov,svannikovnt@cyberchimps.com,China,Genderqueer
Filberto,Coupland,fcouplandnu@foxnews.com,Canada,Agender
Henry,Gatus,hgatusnv@elegantthemes.com,Peru,Male
Selig,Cage,scagenw@example.com,Comoros,Female
Alicia,Bittany,abittanynx@chicagotribune.com,China,Genderqueer
Blaine,Klimek,bklimekny@fc2.com,Ethiopia,Genderqueer
Tiler,Szabo,tszabonz@who.int,Bosnia and Herzegovina,Agender
Andee,Totterdill,atotterdillo0@xing.com,Ireland,Male
Joseito,Broinlich,jbroinlicho1@taobao.com,France,Male
Sibley,Paule,spauleo2@yellowpages.com,Iran,Agender
Brittney,Folomin,bfolomino3@feedburner.com,Russia,Non-binary
Mina,Yes,myeso4@amazon.com,China,Male
Melonie,Mitchenson,mmitchensono5@go.com,United States,Bigender
Winthrop,Thumnel,wthumnelo6@un.org,Argentina,Male
Catharine,Ambrozewicz,cambrozewiczo7@usatoday.com,Finland,Genderqueer
Nobe,Blackwell,nblackwello8@unc.edu,Philippines,Genderqueer
Effie,Woolmington,ewoolmingtono9@stanford.edu,Portugal,Polygender
Leeland,Quoit,lquoitoa@about.com,China,Agender
Rafferty,Snedker,rsnedkerob@a8.net,China,Polygender
Giacomo,MacAlaster,gmacalasteroc@t-online.de,Indonesia,Genderqueer
Donn,Woolaston,dwoolastonod@hexun.com,Portugal,Non-binary
Somerset,Gammel,sgammeloe@marketwatch.com,Ireland,Non-binary
Wanids,Maund,wmaundof@senate.gov,Russia,Non-binary
Zsa zsa,Eim,zeimog@howstuffworks.com,Colombia,Agender
Gareth,Saveall,gsavealloh@domainmarket.com,China,Non-binary
Mahmud,Hasted,mhastedoi@nps.gov,Brazil,Genderfluid
Barby,Lombardo,blombardooj@ifeng.com,China,Genderqueer
Hillery,Banbrook,hbanbrookok@reddit.com,Egypt,Genderfluid
Armando,Ethridge,aethridgeol@is.gd,China,Non-binary
Derk,Lanaway,dlanawayom@creativecommons.org,France,Genderqueer
Theresita,Heard,theardon@time.com,Bosnia and Herzegovina,Male
Florrie,Menego,fmenegooo@de.vu,Indonesia,Polygender
Clemens,Cubbinelli,ccubbinelliop@diigo.com,Japan,Agender
Roseline,Seamen,rseamenoq@livejournal.com,Honduras,Bigender
Monroe,Gillitt,mgillittor@rakuten.co.jp,Morocco,Genderfluid
Adria,Brunsden,abrunsdenos@jimdo.com,Panama,Male
Helaine,Polsin,hpolsinot@ameblo.jp,Russia,Female
Freddy,Meakin,fmeakinou@slideshare.net,Indonesia,Bigender
Garey,Wigg,gwiggov@mashable.com,China,Bigender
Alvinia,Rubi,arubiow@smh.com.au,Philippines,Genderqueer
Wilek,Gittings,wgittingsox@github.com,China,Genderfluid
Slade,Wagner,swagneroy@freewebs.com,China,Polygender
Chloette,Petriello,cpetriellooz@blog.com,China,Agender
Jeannette,Gosenell,jgosenellp0@nhs.uk,Indonesia,Male
Cacilia,Arguile,carguilep1@creativecommons.org,China,Female
Welbie,Castellino,wcastellinop2@liveinternet.ru,Philippines,Bigender
Analise,Dewar,adewarp3@lulu.com,Cameroon,Genderqueer
Krysta,Sich,ksichp4@fema.gov,Japan,Genderfluid
Meridith,Bentick,mbentickp5@fotki.com,Indonesia,Non-binary
Dorolice,Dimitriou,ddimitrioup6@jimdo.com,Tunisia,Polygender
Ericka,Geane,egeanep7@comcast.net,Lebanon,Non-binary
Remington,Seaward,rseawardp8@linkedin.com,Peru,Female
Gaby,Howling,ghowlingp9@icq.com,Czech Republic,Bigender
Viviene,Owen,vowenpa@harvard.edu,Bosnia and Herzegovina,Non-binary
Kristofor,Neissen,kneissenpb@privacy.gov.au,Comoros,Agender
Sampson,Stothert,sstothertpc@ebay.co.uk,United States,Polygender
Farleigh,Lansley,flansleypd@purevolume.com,Philippines,Bigender
Livia,Darnell,ldarnellpe@geocities.com,China,Non-binary
Freddi,Thrasher,fthrasherpf@sogou.com,Morocco,Male
Valentia,Baythrop,vbaythroppg@economist.com,Philippines,Male
Gigi,Byrd,gbyrdph@google.co.uk,China,Agender
Becca,Levin,blevinpi@alibaba.com,Sudan,Male
Dierdre,Swindall,dswindallpj@youtube.com,Indonesia,Bigender
Dave,Arlt,darltpk@reference.com,Slovenia,Male
Georgy,Thurborn,gthurbornpl@sourceforge.net,China,Agender
Katrinka,Darkins,kdarkinspm@vinaora.com,France,Non-binary
Reynolds,Bourdice,rbourdicepn@princeton.edu,China,Female
Morton,O'Hearn,mohearnpo@wiley.com,China,Male
Molli,Canty,mcantypp@rakuten.co.jp,Portugal,Male
Junia,Garmey,jgarmeypq@ucsd.edu,Peru,Genderqueer
Sonny,Mudge,smudgepr@unblog.fr,Poland,Male
Selinda,Stanyard,sstanyardps@yelp.com,Iraq,Genderqueer
Winifred,Podbury,wpodburypt@dell.com,Norway,Non-binary
Goddard,Billington,gbillingtonpu@wordpress.com,Peru,Genderqueer
Benny,Hayley,bhayleypv@istockphoto.com,China,Male
Nertie,Ironmonger,nironmongerpw@accuweather.com,Indonesia,Genderfluid
Armando,Cristofol,acristofolpx@sciencedaily.com,Ethiopia,Genderqueer
Rikki,Finnis,rfinnispy@arstechnica.com,Finland,Genderfluid
Ettie,Chasteau,echasteaupz@cbslocal.com,Indonesia,Polygender
Eirena,Roughsedge,eroughsedgeq0@fc2.com,Vietnam,Female
Jandy,Licari,jlicariq1@telegraph.co.uk,Indonesia,Female
Aubry,Szwarc,aszwarcq2@uiuc.edu,Russia,Male
Cull,Reaman,creamanq3@photobucket.com,Syria,Male
Ethelind,Graal,egraalq4@chron.com,Japan,Genderqueer
Allen,Ducker,aduckerq5@hhs.gov,France,Polygender
Rhona,Boyda,rboydaq6@gravatar.com,Indonesia,Non-binary
Alfy,Nickerson,anickersonq7@oracle.com,Lithuania,Genderfluid
Luigi,Toohey,ltooheyq8@columbia.edu,China,Non-binary
Dene,Wilkerson,dwilkersonq9@google.es,Philippines,Genderqueer
Darryl,Buse,dbuseqa@icio.us,Philippines,Non-binary
Leona,Dartnall,ldartnallqb@bloglines.com,Ghana,Bigender
Garek,Van der Beken,gvanderbekenqc@sogou.com,China,Polygender
Nicholas,Forman,nformanqd@discovery.com,China,Genderqueer
Grover,Mouse,gmouseqe@pen.io,China,Bigender
Tatiania,Braunthal,tbraunthalqf@disqus.com,China,Agender
Irwinn,Normanvill,inormanvillqg@studiopress.com,China,Genderfluid
Hyatt,Biasioli,hbiasioliqh@devhub.com,Ivory Coast,Agender
Keene,Downs,kdownsqi@yolasite.com,Mongolia,Female
Case,Stephens,cstephensqj@symantec.com,Argentina,Male
Steffi,Cruxton,scruxtonqk@craigslist.org,China,Male
Viviene,Hegge,vheggeql@dedecms.com,France,Agender
Neal,Livezey,nlivezeyqm@people.com.cn,China,Agender
Rita,Pirdue,rpirdueqn@xing.com,Argentina,Male
Silvia,Le Claire,sleclaireqo@adobe.com,Poland,Male
Chery,Matsell,cmatsellqp@princeton.edu,Solomon Islands,Polygender
Merrel,Trewinnard,mtrewinnardqq@google.cn,Brazil,Non-binary
Pavla,Chadband,pchadbandqr@bizjournals.com,Mexico,Bigender
Patton,Seamans,pseamansqs@mysql.com,Indonesia,Genderfluid
Jandy,Creigan,jcreiganqt@cbslocal.com,China,Genderqueer
Thea,Balcombe,tbalcombequ@umich.edu,France,Agender
Helyn,Northcliffe,hnorthcliffeqv@elegantthemes.com,Afghanistan,Non-binary
Jordain,Landreth,jlandrethqw@answers.com,China,Genderqueer
Germaine,Fackney,gfackneyqx@privacy.gov.au,Bahamas,Agender
Bary,Trustrie,btrustrieqy@cloudflare.com,Croatia,Genderqueer
Misha,Abels,mabelsqz@state.gov,Russia,Bigender
Allianora,McLarens,amclarensr0@tuttocitta.it,China,Female
Kit,Steel,ksteelr1@about.me,China,Bigender
Betteanne,Arends,barendsr2@printfriendly.com,China,Genderfluid
Cheri,Parramore,cparramorer3@php.net,Indonesia,Bigender
Carlie,Camerello,ccamerellor4@xing.com,Taiwan,Female
Elane,Abbado,eabbador5@auda.org.au,Sweden,Genderqueer
Christophorus,Andrichuk,candrichukr6@stumbleupon.com,Yemen,Female
Pierce,Stiven,pstivenr7@slate.com,Ukraine,Male
Kaylee,Goddman,kgoddmanr8@sakura.ne.jp,Japan,Polygender
Robenia,Boerderman,rboerdermanr9@opensource.org,France,Bigender
Cynthie,Poone,cpoonera@arizona.edu,Syria,Non-binary
Margot,Asif,masifrb@yellowbook.com,Peru,Bigender
Lemmie,Kummerlowe,lkummerlowerc@ucoz.com,Uruguay,Bigender
Katharyn,Fowlestone,kfowlestonerd@newyorker.com,Netherlands,Non-binary
Valle,Matchett,vmatchettre@ezinearticles.com,Russia,Female
Jocelyn,Sharma,jsharmarf@thetimes.co.uk,Portugal,Bigender
Rahel,Mandy,rmandyrg@barnesandnoble.com,Ukraine,Non-binary
Adoree,Thome,athomerh@fastcompany.com,China,Male
Maximilian,Goodlip,mgoodlipri@ebay.com,Japan,Male
Randie,Laboune,rlabounerj@taobao.com,Indonesia,Bigender
Letitia,Sweeten,lsweetenrk@people.com.cn,United States,Male
Jeffrey,Aronovitz,jaronovitzrl@instagram.com,Philippines,Polygender
Beryl,Allum,ballumrm@scribd.com,Russia,Female
Hasty,Murrill,hmurrillrn@ustream.tv,Kazakhstan,Polygender
Daniele,Orrobin,dorrobinro@wikispaces.com,China,Male
Demetri,MacDowal,dmacdowalrp@shareasale.com,Morocco,Genderfluid
Killy,Smeaton,ksmeatonrq@hao123.com,Russia,Non-binary
Leigha,Breming,lbremingrr@buzzfeed.com,Portugal,Non-binary
